{
  "project_info": {
    "project_number": "639774564980",
    "project_id": "parental-peace",
    "storage_bucket": "parental-peace.appspot.com"
  },
  "client": [
    {
      "client_info": {
        "mobilesdk_app_id": "1:639774564980:android:c35fedad1ba0daccc3a721",
        "android_client_info": {
          "package_name": "com.dicoding.parentalpeaceapp"
        }
      },
      "oauth_client": [],
      "api_key": [
        {
          "current_key": "AIzaSyA-ReCK7OumGxE_yRmxRNBmk9TPwI-iAWc"
        }
      ],
      "services": {
        "appinvite_service": {
          "other_platform_oauth_client": []
        }
      }
    }
  ],
  "configuration_version": "1"
}